POST_ID,TEXTO,LIKES,IMAGE
10158556410709661,"¿Necesitas las esferas de tu vehículo? No dudes en buscarnos porque te ofrecemos la calidad 100% japonesa de Esferas THREE FIVE.
Compra en línea a través inbox o WhatsApp al 7603-7650 la entrega es GRATIS.
#THREEFIVE #MADEINJAPAN #REPUESTOSJAPONESES
*Restricciones aplican.",45,https://scontent-mia3-2.xx.fbcdn.net/v/t1.0-9/82910169_10158556410049661_4677604114368827976_o.png?_nc_cat=109&_nc_sid=8024bb&_nc_ohc=GuTMgNPntCYAX_N8lSM&_nc_ht=scontent-mia3-2.xx&oh=bf3dd071000c14e9acc6e07ac9cd556a&oe=5F1411D3
10158553575824661,"Cambio periódicamente el filtro de aire de tu vehículo, nosotros te ofrecemos la eficacia de filtros de aire MEGA para que tu vehículo tenga un óptimo desempeño.
Compra tus repuestos en línea a través de inbox o WhatsApp 7603-7650, la entrega es GRATIS. #DescuentosEspeciales #FiltrosdeAire #Regresamos
*Restricciones aplican.",9,https://scontent-mia3-1.xx.fbcdn.net/v/t1.0-9/fr/cp0/e15/q65/104684789_10158553567779661_3289964215809385794_o.jpg?_nc_cat=106&_nc_sid=8024bb&_nc_ohc=RQJzdKxQrZkAX-gLROI&_nc_ht=scontent-mia3-1.xx&_nc_tp=14&oh=0240b965f24cc026dc4a9372450cff1f&oe=5F15691E
10158550381404661,"¡Cuida de tu vehículo con nuestra gama premium de aditivos MEGA MAX! Contamos con limpiador de inyectores, tratamiento de aceite, limpiador de frenos, fluido de arranque, y penetrantes.
Aprovecha los DESCUENTOS ESPECIALES en aditivos Mega Max por tiempo limitado.
#MegaMax #Aditivos #Premium #SomosSalvadoreños",9,https://scontent-mia3-2.xx.fbcdn.net/v/t1.0-9/fr/cp0/e15/q65/83436408_10158550381064661_6503923199584608110_o.jpg?_nc_cat=103&_nc_sid=8024bb&_nc_ohc=IoEpbYis6dIAX_P3HuY&_nc_ht=scontent-mia3-2.xx&_nc_tp=14&oh=3aeb075add223a6dc51903eb081d9503&oe=5F14EC45
10158549997679661,"No pierdas la oportunidad de adquirir las fajas de tu vehículo a PRECIO ESPECIAL, ¡únicamente por tiempo limitado!
Al visitar nuestras sucursales, te garantizamos tu bienestar porque contamos con el mejor protocolo de Bioseguridad.
#Repuestos #AutoRepuestos #Fajas #MEGA",9,https://scontent-mia3-2.xx.fbcdn.net/v/t1.0-9/fr/cp0/e15/q65/104433436_10158549997684661_8066627459744768513_o.jpg?_nc_cat=103&_nc_sid=2d5d41&_nc_ohc=3FiDnJ4oEKwAX-GyRpS&_nc_ht=scontent-mia3-2.xx&_nc_tp=14&oh=4b624b1c96d3604b95e5982be757bcf9&oe=5F155D15
10158547808229661,"¿Tu vehículo permaneció sin actividad por largo tiempo? Es momento de hacer su cambio de aceite con lubricantes de última generación como Megaoil.
Recuerda que por tiempo limitado, obtienes PRECIO ESPECIAL en Lubricantes a Megaoil para motor y caja. #MEGAOILUSA #LubricantesMegaoil #Megaoil #MegaoilDexron #MegaoilCVT #MegaoilUltra #MEGAOILTITAN",9,https://scontent-mia3-1.xx.fbcdn.net/v/t1.0-9/fr/cp0/e15/q65/104290107_10158547808014661_1119156512799824397_o.jpg?_nc_cat=100&_nc_sid=110474&_nc_ohc=d6AI8OEtCaoAX9hbwTP&_nc_ht=scontent-mia3-1.xx&_nc_tp=14&oh=3df64981d63ffed7329bc60f2a528ef3&oe=5F12A5DC
10158547522794661,,0,https://scontent-mia3-2.xx.fbcdn.net/v/t1.0-9/103554148_10158547522589661_7122276733533023182_n.png?_nc_cat=105&_nc_sid=dd9801&_nc_ohc=xu6HTcudS_oAX8kMj9c&_nc_ht=scontent-mia3-2.xx&oh=b9133c812d575c256653b6f35ef2180b&oe=5F1369CD
10158547464659661,"Cuidamos de ti con las mejores medidas de bioseguridad en nuestras sucursales y cuidamos de tu vehículo ofreciéndote DESCUENTO ESPECIAL en toda nuestra línea de pastillas de freno.
Ahorra y obtén repuestos alta calidad, puedes comprar en línea a través de Inbox o WhatsApp 7603-7650.
#Regresamos #PreciosEspeciales #PastillasdeFreno",8,https://scontent-mia3-2.xx.fbcdn.net/v/t1.0-9/fr/cp0/e15/q65/103961629_10158547441949661_4149321651128552721_o.jpg?_nc_cat=103&_nc_sid=8024bb&_nc_ohc=zKS7ANx-IJIAX91lHSf&_nc_ht=scontent-mia3-2.xx&_nc_tp=14&oh=d848b50d00d7321190179198a782f6c3&oe=5F129DDB
